text,timestamp,category
"This product is absolutely amazing! Best purchase I've ever made.",2024-01-03,Electronics
"Terrible quality. Broke after two days. Complete waste of money.",2024-01-05,Electronics
"Decent product for the price. Nothing special but gets the job done.",2024-01-07,Electronics
"Fast shipping and great packaging. Product works as described.",2024-01-09,Clothing
"I love this! Exceeded all my expectations. Will definitely buy again.",2024-01-11,Clothing
"Very disappointed. The color looks nothing like the picture.",2024-01-13,Clothing
"Okay product. Not great, not terrible. Average experience overall.",2024-01-15,Clothing
"Outstanding customer service! They resolved my issue immediately.",2024-01-17,Service
"Worst experience ever. No response from support for two weeks.",2024-01-19,Service
"Pretty good quality. Minor issues but overall satisfied with the purchase.",2024-01-21,Electronics
"Absolutely love this product! It has changed my daily routine completely.",2024-01-23,Electronics
"Do not buy this. It stopped working after the first use.",2024-01-25,Electronics
"Great value for money. Happy with the purchase overall.",2024-01-27,Clothing
"The product arrived damaged and the return process was a nightmare.",2024-01-29,Service
"Fantastic! Five stars! Would recommend to everyone I know.",2024-02-01,Electronics
"Mediocre at best. Expected much better based on the reviews.",2024-02-03,Clothing
"Impressed with the build quality. Feels premium and sturdy.",2024-02-05,Electronics
"Not what I expected at all. Very misleading product description.",2024-02-07,Clothing
"Super happy with this purchase! Works perfectly and looks great.",2024-02-09,Electronics
"Meh. It's fine I guess. Does what it says but nothing exciting.",2024-02-11,Service
"Horrible. The worst product I have ever bought in my life.",2024-02-13,Electronics
"Really good quality and arrived earlier than expected. Impressed!",2024-02-15,Clothing
"Not bad but not great either. It's just an average product.",2024-02-17,Service
"Blown away by how good this is. Highly recommend to everyone!",2024-02-19,Electronics
"Disappointed with the quality. Does not match the description at all.",2024-02-21,Clothing
"This is exactly what I needed. Works flawlessly every single time.",2024-02-23,Electronics
"Poor quality materials. Fell apart within a week of use.",2024-02-25,Clothing
"Solid product. Nothing fancy but it does the job reliably.",2024-02-27,Service
"Incredible experience from start to finish! Will shop here again.",2024-03-01,Service
"Total garbage. Threw it in the trash after the first day.",2024-03-03,Electronics
"Very happy with my purchase. Great quality and fast delivery.",2024-03-05,Clothing
"This product has some flaws but mostly works as expected.",2024-03-07,Electronics
"Exceptional quality and superb customer support. 10 out of 10.",2024-03-09,Service
"I regret buying this. It is nothing like what was advertised.",2024-03-11,Clothing
"Good enough. Not perfect but serves the purpose well enough.",2024-03-13,Electronics
"Pleasantly surprised by the quality. Much better than expected!",2024-03-15,Clothing
"Broken on arrival. Customer service was unhelpful and rude.",2024-03-17,Service
"Love love love this product! Cannot imagine life without it now.",2024-03-19,Electronics
"Just okay. I have seen better products at this price range.",2024-03-21,Clothing
"Absolutely stellar product. Every detail is perfect. Highly recommend.",2024-03-23,Electronics
